{"files":{"avenue-144.html":{"frameworks":["rajat-builtech","pg.insight.events","pg.asset.manager","pg.css.grid","pg.project.items","pg.image.overlay","pg.code-validator","pg.html","pg.components"],"last_page_width":1024},"centrum.html":{"frameworks":["rajat-builtech","pg.insight.events","pg.css.grid","pg.image.overlay","pg.code-validator","pg.project.items","pg.asset.manager","bs3.3.7","pg.html","pg.components"],"last_page_width":1324},"rajat-prime.html":{"frameworks":["rajat-builtech","pg.insight.events","pg.css.grid","pg.image.overlay","pg.code-validator","pg.project.items","pg.asset.manager","pg.html","pg.components"],"last_page_width":1024},"residential.html":{"frameworks":["rajat-builtech","pg.insight.events","pg.css.grid","pg.image.overlay","pg.code-validator","pg.project.items","pg.asset.manager","pg.html","pg.components"],"last_page_width":1024},"media.html":{"frameworks":["rajat-builtech","pg.insight.events","pg.css.grid","pg.image.overlay","pg.code-validator","pg.project.items","pg.asset.manager","pg.html","pg.components"],"last_page_width":1024},"Hi-tech-ISBT-in-Raipur.html":{"frameworks":["rajat-builtech","pg.insight.events","pg.css.grid","pg.image.overlay","pg.code-validator","pg.project.items","pg.asset.manager","pg.html","pg.components"],"last_page_width":1024},"naya-raipur-1st-integrated-city.html":{"frameworks":["rajat-builtech","pg.insight.events","pg.css.grid","pg.image.overlay","pg.code-validator","pg.project.items","pg.asset.manager","pg.html","pg.components"],"last_page_width":1024},"Bhatagaon-one-of-the-profitable-Investment-locality.html":{"frameworks":["rajat-builtech","pg.insight.events","pg.asset.manager","pg.css.grid","pg.project.items","pg.image.overlay","pg.code-validator","pg.html","pg.components"],"last_page_width":1024},"reflexology-path-at-centrum.html":{"frameworks":["rajat-builtech","pg.insight.events","pg.css.grid","pg.image.overlay","pg.code-validator","pg.project.items","pg.asset.manager","pg.html","pg.components"],"last_page_width":1024}},"breakpoints":["320px","1500px","375px","417px","425px","450px","480px","640px","674px","679px","768px","340px","860px","879px","959px","1025px","1140px","1179px","1251px","1280px","1300px","800px"],"frameworks":["rajat-builtech","pg.insight.events","pg.css.grid","pg.image.overlay","pg.code-validator","pg.project.items","pg.asset.manager","pg.html","pg.components"]}