[
{
"id": 1,
"title": "Rajat Prime",
"address": "C-1/74, Sector-7 Near Govind Sarang Complex, Shreeji kalptaru Colony, Amlihdih",
"price": "Rajat Prime",
"thumbnail": "imgs/rajat-prime-thumb.jpg",
"verified": false,
"latitude": 21.2226098,
"longitude": 81.6718742,
"link": "rajat-prime.html"
}
,
{
"id": 2,
"title": "Avenue 144",
"address": "C-1/74, Sector-7 Near Govind Sarang Complex, New Rajendra Nagar",
"price": "Avenue 144",
"thumbnail": "imgs/avenue-thumb.jpg",
"verified": false,
"latitude": 21.2240438,
"longitude": 81.6525704,
"link": "avenue-144.html"
},
{
    "id": 3,
    "title": "Centrum",
    "address": "Bhatagaon, Raipur, Chhattisgarh 492013, India",
    "price": "Centrum",
    "thumbnail": "imgs/centrum-thumb.jpg",
    "verified": false,
    "latitude": 21.216250,
    "longitude": 81.622120,
    "link": "centrum.html"
    }
]